{"graph": {"_type": "graph-file", "sha256": "4d5f988a457ffc6da96b520d33a46e54e30ce3cef9670df7eeb06b5bfb784338", "size": 873, "path": "media/graph/graph_summary_4d5f988a457ffc6da96b.graph.json"}, "epoch": 9, "_timestamp": 1709231609.558673, "loss": 0.4174872636795044, "accuracy": 0.8142856955528259, "val_loss": 0.7305867671966553, "val_accuracy": 0.5333333611488342, "_runtime": 38.60552096366882, "_step": 9, "best_val_loss": 0.5698093771934509, "best_epoch": 1, "_wandb": {"runtime": 36}}