{"graph": {"_type": "graph-file", "sha256": "b3f767972baf9a2282332438f2bdb81a5bef2a2dcc9527195bd884a7c08af225", "size": 457, "path": "media/graph/graph_summary_b3f767972baf9a228233.graph.json"}, "epoch": 9, "_timestamp": 1709228998.0488107, "loss": 0.16668979823589325, "accuracy": 0.9428571462631226, "val_loss": 4.354409694671631, "val_accuracy": 0.5, "_runtime": 19.228525638580322, "_step": 9, "best_val_loss": 2.343205451965332, "best_epoch": 6, "_wandb": {"runtime": 16}}