{"graph": {"_type": "graph-file", "sha256": "f7aff81156253eae393f9efa00700a6494a72ad0916a641e7c627c6c6092e016", "size": 589, "path": "media/graph/graph_summary_f7aff81156253eae393f.graph.json"}, "epoch": 9, "_timestamp": 1709231209.9046924, "loss": 0.1731499880552292, "accuracy": 0.9333333373069763, "val_loss": 1.936942458152771, "val_accuracy": 0.5, "_runtime": 26.747488498687744, "_step": 9, "best_val_loss": 0.6384713649749756, "best_epoch": 3, "_wandb": {"runtime": 24}}