{"graph": {"_type": "graph-file", "sha256": "0177fffac5199ed1338d1f8d7ba02cff65368be9419b569d5f84db3b604c5e24", "size": 1184, "path": "media/graph/graph_summary_0177fffac5199ed1338d.graph.json"}, "epoch": 9, "_timestamp": 1709232512.7211788, "loss": 0.6931814551353455, "accuracy": 0.5, "val_loss": 0.6931724548339844, "val_accuracy": 0.5, "_runtime": 46.45512866973877, "_step": 9, "best_val_loss": 0.6931642889976501, "best_epoch": 0, "_wandb": {"runtime": 44}}